Workbook

Sheet Sheet1
A1: MatchID | B1: Team | C1: Date | D1: Category | E1: Round | F1: Home | G1: Away | H1: Home score | I1: Away Score | J1: Result | K1: Youtube
A2: M2026-01 | B2: MEN | C2: 46159 | D2: League | E2: 第1戦 | F2: 横浜市立大学 | G2: =MENS2026!$F$3 -> 東京科学大学 | H2: =MENS2026!$D$4 -> 3 | I2: =MENS2026!$F$4 -> 6 | J2: =IF(H2>I2,"WIN",IF(H2<I2,"LOSS","")) -> LOSS | K2: https://youtu.be/KkUtSax6r5g
A3: M2026-02 | B3: MEN | C3: 46173 | D3: League | E3: 第2戦 | F3: 横浜市立大学 | G3: =MENS2026!$L$3 -> 東京慈恵会医科大学 | H3: =MENS2026!$J$4 -> 6 | I3: =MENS2026!$L$4 -> 3 | J3: =IF(H3>I3,"WIN",IF(H3<I3,"LOSS","")) -> WIN | K3: https://youtu.be/1IoP-l3guIg
A4: M2026-03 | B4: MEN | C4: 2026/6/27, 7/18 | D4: League | E4: 第3戦 | F4: 横浜市立大学 | G4: =MENS2026!$F$17 -> 東京大学 | H4: =MENS2026!$D$18 -> 3 | I4: =MENS2026!$F$18 -> 5 | J4: =IF(H4>I4,"WIN",IF(H4<I4,"LOSS","")) -> LOSS | K4: https://youtube.com/playlist?list=PLLElW6C9F9M4&si=r1xZe4azBnVIs7iy
A5: M2026-04 | B5: MEN | C5: 46215 | D5: League | E5: 第4戦 | F5: 横浜市立大学 | G5: 群馬大学 | H5: =MENS2026!$J$18 -> 4 | I5: =MENS2026!$L$18 -> 5 | J5: =IF(H5>I5,"WIN",IF(H5<I5,"LOSS","")) -> LOSS | K5: https://youtu.be/pE1wsB_KxDc
A6: M2026-05 | B6: MEN | C6: 46235 | D6: Toitai | E6: 1回戦 | F6: 横浜市立大学 | G6: =MENS2026!$F$31 -> 東海大学 | H6: =MENS2026!$D$32 -> 4 | I6: =MENS2026!$F$32 -> 1 | J6: =IF(H6>I6,"WIN",IF(H6<I6,"LOSS","")) -> WIN | K6: https://youtu.be/fGQRI6VjNjQ
A7: M2026-06 | B7: MEN | C7: 46236 | D7: Toitai | E7: 2回戦 | F7: 横浜市立大学 | G7: =MENS2026!$L$31 -> 防衛医科大学 | H7: =MENS2026!$J$32 -> 2 | I7: =MENS2026!$L$32 -> 3 | J7: =IF(H7>I7,"WIN",IF(H7<I7,"LOSS","")) -> LOSS | K7: https://youtu.be/f0lRhsN8p0U
A8: W2026-01 | B8: WOMEN | C8: 46152 | D8: League | E8: 第1戦 | F8: 横浜市立大学 | G8: =WOMENS2026!$F$3 -> 日本大学 | H8: =WOMENS2026!$D$4 -> 1 | I8: =WOMENS2026!$F$4 -> 4 | J8: =IF(H8>I8,"WIN",IF(H8<I8,"LOSS","")) -> LOSS
A9: W2026-02 | B9: WOMEN | C9: 46159 | D9: League | E9: 第2戦 | F9: 横浜市立大学 | G9: =WOMENS2026!$L$3 -> 慶應義塾大学 | H9: =WOMENS2026!$J$4 -> 0 | I9: =WOMENS2026!$L$4 -> 5 | J9: =IF(H9>I9,"WIN",IF(H9<I9,"LOSS","")) -> LOSS
A10: W2026-03 | B10: WOMEN | C10: 46173 | D10: League | E10: 第3戦 | F10: 横浜市立大学 | G10: =WOMENS2026!$F$13 -> 日本医科大学 | H10: =WOMENS2026!$D$14 -> 3 | I10: =WOMENS2026!$F$14 -> 2 | J10: =IF(H10>I10,"WIN",IF(H10<I10,"LOSS","")) -> WIN
A11: W2026-04 | B11: WOMEN | C11: 46180 | D11: League | E11: 第4戦 | F11: 横浜市立大学 | G11: =WOMENS2026!$L$13 -> 東京科学大学 | H11: =WOMENS2026!$J$14 -> 0 | I11: =WOMENS2026!$L$14 -> 0 | J11: SUS
A12: W2026-05 | B12: WOMEN | C12: 46236 | D12: Toitai | E12: 1回戦 | F12: 横浜市立大学 | G12: =WOMENS2026!$F$23 -> 東京医科大学 | H12: =WOMENS2026!$D$24 -> 2 | I12: =WOMENS2026!$F$24 -> 1 | J12: =IF(H12>I12,"WIN",IF(H12<I12,"LOSS","")) -> WIN
A13: W2026-06 | B13: WOMEN | C13: 46237 | D13: Toitai | E13: 2回戦 | F13: 横浜市立大学 | G13: =WOMENS2026!$L$23 -> 東京慈恵会医科大学 | H13: =WOMENS2026!$J$24 -> 2 | I13: =WOMENS2026!$L$24 -> 1 | J13: =IF(H13>I13,"WIN",IF(H13<I13,"LOSS","")) -> WIN
A14: W2026-07 | B14: WOMEN | C14: 46238 | D14: Toitai | E14: 3回戦 | F14: 横浜市立大学 | G14: =WOMENS2026!$F$31 -> 福島県立医科大学 | H14: =WOMENS2026!$D$32 -> 0 | I14: =WOMENS2026!$F$32 -> 3 | J14: =IF(H14>I14,"WIN",IF(H14<I14,"LOSS","")) -> LOSS
A15: N2026-01 | B15: NURSING | C15: 46249 | D15: League | E15: 第1戦 | F15: 横浜市立大学 | G15: =NURSING2026!$F$3 -> 山梨大学 | H15: =NURSING2026!$D$4 -> 4 | I15: =NURSING2026!$F$4 -> 1 | J15: =IF(H15>I15,"WIN",IF(H15<I15,"LOSS","")) -> WIN
A16: N2026-02 | B16: NURSING | C16: 46250 | D16: League | E16: 第2戦 | F16: 横浜市立大学 | G16: =NURSING2026!$L$3 -> 東京科学大学 | H16: =NURSING2026!$J$4 -> 3 | I16: =NURSING2026!$L$4 -> 1 | J16: =IF(H16>I16,"WIN",IF(H16<I16,"LOSS","")) -> WIN
A17: N2026-03 | B17: NURSING | C17: 46251 | D17: League | E17: Semifinal | F17: 横浜市立大学 | G17: =NURSING2026!$F$13 -> 山梨大学 | H17: =NURSING2026!$D$14 -> 3 | I17: =NURSING2026!$F$14 -> 0 | J17: =IF(H17>I17,"WIN",IF(H17<I17,"LOSS","")) -> WIN
A18: N2026-04 | B18: NURSING | C18: 46252 | D18: League | E18: Final | F18: 横浜市立大学 | G18: =NURSING2026!$L$13 -> 千葉大学 | H18: =NURSING2026!$J$14 -> 0 | I18: =NURSING2026!$L$14 -> 4 | J18: =IF(H18>I18,"WIN",IF(H18<I18,"LOSS","")) -> LOSS
A19: OB2026-01-01 | B19: OBOG | C19: 46141 | D19: OBOG | E19: 第1試合 | F19: 猿渡(S61)・松浦(6) | G19: 杉田(S44)・小栗(4) | H19: 0 | I19: 4 | K19: https://www.youtube.com/watch?v=SiyMBDGweRw
A20: OB2026-01-02 | B20: OBOG | C20: 46141 | D20: OBOG | E20: 第2試合 | F20: 米田(H13)・小柳(4) | G20: 加藤(H21)・橋本(3) | H20: 2 | I20: 3 | K20: https://youtu.be/J2Tk449raNs
A21: OB2026-01-03 | B21: OBOG | C21: 46141 | D21: OBOG | E21: 第3試合 | F21: 西田(6)・才田(1) | G21: 三宅(H19)・都竹(H29) | H21: 2 | I21: 4 | K21: https://youtu.be/ELCgjPq0wVA
A22: OB2026-01-04 | B22: OBOG | C22: 46141 | D22: OBOG | E22: 第4試合 | F22: 松浦(6)・植田(1) | G22: 黒田(R6)・東(6) | H22: 2 | I22: 2 | K22: https://www.youtube.com/watch?v=jrMnqAdReUU
A23: OB2026-01-05 | B23: OBOG | C23: 46141 | D23: OBOG | E23: 第5試合 | F23: 猿渡(S61)・今田(S49) | G23: 倉橋(H1)・加藤(H21) | H23: 3 | I23: 2 | K23: https://www.youtube.com/watch?v=L1sZAR0rpcE
A24: OB2026-01-06 | B24: OBOG | C24: 46141 | D24: OBOG | E24: 第6試合 | F24: 関口(H29)・田中(R3) | G24: 小林(5)・後藤(H20) | H24: 2 | I24: 1 | K24: https://www.youtube.com/watch?v=Ph51OeKBPrQ
A25: OB2026-01-07 | B25: OBOG | C25: 46141 | D25: OBOG | E25: 第7試合 | F25: 米田(H13)・杉田(S54) | G25: 後藤(H20)・今田(S49) | H25: 0 | I25: 4 | K25: https://www.youtube.com/watch?v=70rJ-zmXqPc
A26: OB2026-02-01 | B26: OBOG | C26: 46141 | D26: OBOG | E26: 第1試合 | F26: 今田(S49)・小林(5) | G26: 倉橋(H1)・寺崎(3) | H26: 0 | I26: 4 | K26: https://www.youtube.com/watch?v=fF5G7BPB8ag
A27: OB2026-02-02 | B27: OBOG | C27: 46141 | D27: OBOG | E27: 第2試合 | F27: 山本(4)・田之頭(4) | G27: 辰巳(H12)・服部(H11) | H27: 4 | I27: 1 | K27: https://www.youtube.com/watch?v=zCkYODXXM8I
A28: OB2026-02-03 | B28: OBOG | C28: 46141 | D28: OBOG | E28: 第3試合 | F28: 三谷(5)・阿部(H11) | G28: 川上(R2)・服部(H11) | H28: 1 | I28: 4 | K28: https://www.youtube.com/watch?v=Aw4E4hTb5rg
A29: OB2026-02-04 | B29: OBOG | C29: 46141 | D29: OBOG | E29: 第4試合 | F29: 留野(H19)・槙山(4) | G29: 杉田(S54)・小柳(4) | H29: 3 | I29: 3 | K29: https://www.youtube.com/watch?v=ZptjWa9x7KE
A30: OB2026-02-05 | B30: OBOG | C30: 46141 | D30: OBOG | E30: 第5試合 | F30: 辰巳(H12)・于(H13) | G30: 服部(H11)・小林(5) | H30: 2 | I30: 1 | K30: https://www.youtube.com/watch?v=moL9v71oF9Y
... A32: OB2026-02-07 | B32: OBOG | C32: 46141 | D32: OBOG | E32: 第7試合 | F32: 西田(6)・才田(1) | G32: 川上(R2)・小野田(R8) | H32: 4 | I32: 1 | K32: https://www.youtube.com/watch?v=wwmGLxGECcU
A33: OB2026-03-01 | B33: OBOG | C33: 46141 | D33: OBOG | E33: 第1試合 | F33: 松田(H3)・比留間(H61) | G33: 于(H13)・西山(H15) | K33: https://www.youtube.com/watch?v=b8_tckpUmBY
A34: OB2026-03-02 | B34: OBOG | C34: 46141 | D34: OBOG | E34: 第2試合 | F34: 留野(H19)・東(6) | G34: 関口(H29)・槙山(4) | H34: 2 | I34: 2 | K34: https://www.youtube.com/watch?v=YmCFpmGXMYk
A35: OB2026-03-03 | B35: OBOG | C35: 46141 | D35: OBOG | E35: 第3試合 | F35: 山本(4)・田之頭(4) | G35: 田中(R3)・小野田(R8) | H35: 1 | I35: 2
A36: OB2026-03-04 | B36: OBOG | C36: 46141 | D36: OBOG | E36: 第4試合 | F36: 安井(R4)・逸見(R4) | G36: 小林(4)・土岐(4) | H36: 3 | I36: 0
A37: OB2026-03-05 | B37: OBOG | C37: 46141 | D37: OBOG | E37: 第5試合 | F37: 鏡(6)・土岐(4) | G37: 柳(H29)・安井(R4)
A38: OB2026-03-06 | B38: OBOG | C38: 46141 | D38: OBOG | E38: 第6試合 | F38: 津久井(3)・比留間(H61) | G38: 加瀬(2)・松田(H3)
A39: OB2026-03-07 | B39: OBOG | C39: 46141 | D39: OBOG | E39: 第7試合 | F39: 鏡(6)・小林(4) | G39: 西山(H15)・柳(H29)

Sheet OBOG2026
B1: MATCHID | F1: MATCHID | J1: MATCHID
C2: 3番コート | G2: 2番コート | K2: 1番コート
C3: Home | E3: Away | G3: Home | I3: Away | K3: Home | M3: Away
A4: 1試合目 | B4: OB2026-03-01 | C4: 松田(H3)・比留間(H61) | E4: 于(H13)・西山(H15) | F4: OB2026-02-01 | G4: 今田(S49)・小林(⑤) | H4: 0-4 | I4: 倉橋(H1)・寺崎(③) | J4: OB2026-01-01 | K4: 猿渡(S61)・松浦(⑥) | L4: 0-4 | M4: 杉田(544)・小栗(④)
A5: 2試合目 | B5: OB2026-03-02 | C5: 留野(H19)・東(⑥) | D5: 2-2 | E5: 関口(H29)・槙山(④) | F5: OB2026-02-02 | G5: 山本(④)・田之頭(④) | H5: 4-1 | I5: 辰巳(H12)・服部(H11) | J5: OB2026-01-02 | K5: 米田(H13)・小柳(④) | L5: 2-3 | M5: 加藤(H21)・橋本(③)
A6: 3試合目 | B6: OB2026-03-03 | C6: 田中(R3)・小野田(R8) | D6: 1-2 | E6: 山本・田之頭 | F6: OB2026-02-03 | G6: 三谷(⑤)・阿部(H11) | H6: 1-4 | I6: 川上(R2)・服部(H11) | J6: OB2026-01-03 | K6: 西田(⑥)・才田(①) | L6: 2-4 | M6: 三宅(H19)・都竹(H29)
A7: 4試合目 | B7: OB2026-03-04 | C7: 安井(R4)・逸見(R4) | D7: 3-0 | E7: 小林(④)・土岐(④) | F7: OB2026-02-04 | G7: 留野(H19)・槙山(④) | H7: 3-3 | I7: 杉田(S54)・小柳(④) | J7: OB2026-01-04 | K7: 松浦(⑥)・植田(①) | L7: 2-2 | M7: 黒田(R6)・東(⑥)
A8: 5試合目 | B8: OB2026-03-05 | C8: 鏡(⑥)・土岐(④) | E8: 柳(H29)・安井(R4) | F8: OB2026-02-05 | G8: 辰巳(H12)・于(H13) | H8: 2-1 | I8: 服部(H11)・小林(⑤) | J8: OB2026-01-05 | K8: 猿渡(S61)・今田(S49) | L8: 3-2 | M8: 倉橋(H1)・加藤(H21)
A9: 6試合目 | B9: OB2026-03-06 | C9: 津久井(③)・比留間(H61) | E9: 加瀬(②)・松田(H3) | F9: OB2026-02-06 | G9: 三谷(⑤)・阿部(②) | H9: 2-4 | I9: 三宅(H19)・都竹(H29) | J9: OB2026-01-06 | K9: 関口(H29)・田中(R3) | L9: 2-1 | M9: 小林(⑤)・後藤(H20)
A10: 7試合目 | B10: OB2026-03-07 | C10: 鏡(⑥)・小林(④) | E10: 西山(H15)・柳(H29) | F10: OB2026-02-07 | G10: 西田(⑥)・才田(①) | H10: 4-1 | I10: 川上(R2)・小野田(R8) | J10: OB2026-01-07 | K10: 米田(H13)・杉田(S54) | L10: 0-4 | M10: 後藤(H20)・今田(S49)

Sheet MENS2026
B2: 男子２部リーグ 第１戦 5/17 | H2: 男子2部リーグ 第2戦 5/31
B3: M2026-01 | D3: 横浜市立大学 | E3: VS | F3: 東京科学大学 | H3: M2026-02 | J3: 横浜市立大学 | K3: VS | L3: 東京慈恵会医科大学
D4: 3 | E4: D 1-2 | F4: 6 | J4: 6 | K4: D 2-1 | L4: 3
E5: S 2-4 | K5: S 1-5
B6: D1 | C6: ● | D6: 西田・田之頭 | E6: 3-6,6-7(0) | F6: 丸田・長瀬 | H6: D1 | I6: ○ | J6: 三谷・才田 | K6: 6-2,4-6,10-6 | L6: 高橋・永田
B7: D2 | C7: ● | D7: 山本・阿部 | E7: 2-6,3-6 | F7: 吉田・川原 | H7: D2 | I7: ● | J7: 西田・阿部 | K7: 2-6,0-6 | L7: 石井・高木
B8: D3 | C8: 〇 | D8: 三谷・才田 | E8: 6-1,4-6,10-6 | F8: 松木・今枝 | H8: D3 | I8: 〇 | J8: 山本・田之頭 | K8: 6-0,6-0 | L8: 神人・中神
B9: S1 | C9: 〇 | D9: 三谷 | E9: 6-4,6-2 | F9: 松木 | H9: S1 | I9: ● | J9: 才田 | K9: 1-6,2-6 | L9: 石井
B10: S2 | C10: ● | D10: 西田 | E10: 1-6,2-6 | F10: 長瀬 | H10: S2 | I10: 〇 | J10: 三谷 | K10: 6-4,6-3 | L10: 髙木
B11: S3 | C11: ● | D11: 才田 | E11: 3-6,5-7 | F11: 川原 | H11: S3 | I11: ● | J11: 西田 | K11: 4-6,1-6 | L11: 高橋
B12: S4 | C12: ● | D12: 山本 | E12: 5-7,4-6 | F12: 吉田 | H12: S4 | I12: 〇 | J12: 山本 | K12: 6-3,6-1 | L12: 永田
B13: S5 | C13: ○ | D13: 小林 | E13: 6-1,7-5 | F13: 安田 | H13: S5 | I13: ○ | J13: 田之頭 | K13: 6-0,6-0 | L13: 神人
B14: S6 | C14: ● | D14: 田之頭 | E14: 1-6,6-1,3-6 | F14: 丸田 | H14: S6 | I14: ○ | J14: 小林 | K14: 6-2,6-2 | L14: 岡田
B16: 男子2部リーグ 第3戦 6/27, 7/18 | H16: 男子部リーグ 第4戦 7/12
B17: M2026-03 | D17: 横浜市立大学 | E17: VS | F17: 東京大学 | H17: M2026-04 | J17: 横浜市立大学 | K17: VS | L17: 群馬大学
D18: 3 | E18: D 1-2 | F18: 5 | J18: 4 | K18: D 1-2 | L18: 5
E19: S 2-3 | K19: S 3-3
B20: D1 | C20: ○ | D20: 三谷・才田 | E20: 6-3,6-3 | F20: 江崎・池口 | H20: D1 | I20: ○ | J20: 西田・阿部 | K20: 6-0,6-1 | L20: 佐賀・加藤
B21: D2 | C21: ● | D21: 西田・阿部 | E21: 4-6,3-6 | F21: 別所・ウー | H21: D2 | I21: ● | J21: 三谷・才田 | K21: 4-6,6-7(5) | L21: 宮本・上杉
B22: D3 | C22: ● | D22: 山本・田ノ頭 | E22: 5-7,6-0,6-10 | F22: 小野・竹林 | H22: D3 | I22: ● | J22: 山本・田之頭 | K22: 2-6,2-6 | L22: 山田・三原
B23: S1 | C23: ● | D23: 三谷 | E23: 4-6,4-6 | F23: ウー | H23: S1 | I23: ● | J23: 三谷 | K23: 5-7,2-6 | L23: 山田
B24: S2 | C24: ● | D24: 才田 | E24: 5-7,6-7(4) | F24: 別所 | H24: S2 | I24: ● | J24: 西田 | K24: 1-6,4-6 | L24: 宮本
B25: S3 | C25: ● | D25: 山本 | E25: 6-2,5-7,5-7 | F25: 小野 | H25: S3 | I25: ○ | J25: 才田 | K25: 6-2,7-6(3) | L25: 林（竜）
B26: S4 | C26: ○ | D26: 西田 | E26: 6-3,6-2 | F26: 江崎 | H26: S4 | I26: ● | J26: 山本 | K26: 1-6,4-6 | L26: 上杉
B27: S5 | C27: ○ | D27: 小林 | E27: 6-3,6-4 | F27: 竹林 | H27: S5 | I27: ○ | J27: 田之頭 | K27: 6-4,6-4 | L27: 林（俊）
B28: S6 | D28: 田之頭 | E28: 6-4,4-5sus | F28: 齋藤 | H28: S6 | I28: ○ | J28: 小林 | K28: 7-5,6-2 | L28: 今井
B30: 男子 東医体 1回戦 8/1 | H30: 男子 東医体 2回戦 8/2
B31: M2026-05 | D31: 横浜市立大学 | E31: VS | F31: 東海大学 | H31: M2026-06 | J31: 横浜市立大学 | K31: VS | L31: 防衛医科大学
D32: 4 | E32: D 1-1 | F32: 1 | J32: 2 | K32: D 1-1 | L32: 3
E33: S 3-0 | K33: S 1-2
B34: D1 | C34: ● | D34: 山本・田之頭 | E34: 3-6,1-6 | F34: 内田・森田 | H34: D1 | I34: ● | J34: 西田・阿部 | K34: 3-6,6-1,5-7 | L34: 宇野・下田代
B35: D2 | C35: ○ | D35: 西田・阿部 | E35: 6-3,3-6,6-0 | F35: 川崎・尾花 | H35: D2 | I35: ○ | J35: 三谷・才田 | K35: 6-3,6-3 | L35: 浅野・立川
B36: S1 | C36: ○ | D36: 三谷 | E36: 7-5,6-4 | F36: 早川 | H36: S1 | I36: ● | J36: 小林 | K36: 1-6,1-6 | L36: 山本
B37: S2 | C37: ○ | D37: 小林 | E37: 6-1,6-0 | F37: 中島 | H37: S2 | I37: ○ | J37: 山本 | K37: 6-2,6-3 | L37: 佐藤
B38: S3 | C38: ○ | D38: 才田 | E38: 7-6(2),1-0ret. | F38: 池田 | H38: S3 | I38: ● | J38: 田之頭 | K38: 1-6,1-6 | L38: 高橋

Sheet WOMENS2026
B2: 女子1部リーグ 第1戦 5/10 | H2: 女子1部リーグ 第2戦 5/17
B3: W2026-01 | D3: 横浜市立大学 | E3: VS | F3: 日本大学 | H3: W2026-02 | J3: 横浜市立大学 | K3: VS | L3: 慶應義塾大学
D4: 1 | E4: D 1-1 | F4: 4 | J4: 0 | K4: D 0-2 | L4: 5
E5: S 1-2 | K5: S 0-3
B6: D1 | C6: 〇 | D6: 鏡・土岐 | E6: 6-2, 7-5 | F6: 水野・南 | H6: D1 | I6: ● | J6: 小林・土岐 | K6: 0-6,1-6 | L6: 森川・柳川
B7: D2 | C7: ● | D7: 小林・津久井 | E7: 1-6, 0-6 | F7: 金野・杉山 | H7: D2 | I7: ● | J7: 鏡・丸田 | K7: 1-6,4-6 | L7: 生田・田村
B8: S1 | C8: ● | D8: 鏡 | E8: 0-6, 4-6 | F8: 金野 | H8: S1 | I8: ● | J8: 鏡 | K8: 0-6,1-6 | L8: 森川
B9: S2 | C9: ● | D9: 小林 | E9: 0-6, 0-6 | F9: 杉山 | H9: S2 | I9: ● | J9: 津久井 | K9: 0-6,1-6 | L9: 田村
B10: S3 | C10: ● | D10: 土岐 | E10: 4-6, 6-7(1) | F10: 水野 | H10: S3 | I10: ● | J10: 土岐 | K10: 6-7(7),def | L10: 柳川
B12: 女子1部リーグ 第3戦 5/31 | H12: 女子1部リーグ 第4戦 6/7, 9/13
B13: W2026-03 | D13: 横浜市立大学 | E13: VS | F13: 日本医科大学 | H13: W2026-04 | J13: 横浜市立大学 | K13: VS | L13: 東京科学大学
D14: 3 | E14: D 0-2 | F14: 2 | J14: 0 | K14: D - | L14: 0
E15: S 0-3 | K15: S -
B16: D1 | C16: 〇 | D16: 鏡・丸田 | E16: 6-4, 6-1 | F16: 村松・小林 | H16: D1 | J16: 小林・土岐 | K16: 6-6sus | L16: 宮内・矢島
B17: D2 | C17: ● | D17: 小林・土岐 | E17: 4-6, 4-6 | F17: 森本・滝本 | H17: D2 | J17: 鏡・丸田 | K17: 6-2,1-2sus | L17: 笠原・木虎
B18: S1 | C18: ● | D18: 鏡 | E18: 2-6, 0-6 | F18: 滝本 | H18: S1 | J18: 鏡 | K18: sus | L18: 矢島
B19: S2 | C19: 〇 | D19: 津久井 | E19: 6-3, 6-1 | F19: 森本 | H19: S2 | J19: 土岐 | K19: sus | L19: 宮内
B20: S3 | C20: 〇 | D20: 土岐 | E20: 6-2, 7-6(5) | F20: 小林 | H20: S3 | J20: 津久井 | K20: sus | L20: 木虎
B22: 女子 東医体 第1戦 8/2 | H22: 女子 東医体 第2戦 8/3
B23: W2026-05 | D23: 横浜市立大学 | E23: VS | F23: 東京医科大学 | H23: W2026-06 | J23: 横浜市立大学 | K23: VS | L23: 東京慈恵会医科大学
D24: 2 | E24: D 1-0 | F24: 1 | J24: 2 | K24: D 1-0 | L24: 1
E25: S 1-1 | K25: S 1-1
B26: D1 | C26: ○ | D26: 鏡・小林 | E26: 6-4,6-3 | F26: 藤井・田中 | H26: D1 | I26: ● | J26: 小林・津久井 | K26: 7-5,3-6,0-6 | L26: 鈴木・諸川
B27: D2 | C27: ○ | D27: 土岐 | E27: 6-0,6-0 | F27: 尾形 | H27: D2 | I27: ○ | J27: 土岐 | K27: 6-0,6-1 | L27: 高木
B28: S1 | C28: ● | D28: 津久井 | E28: 0-6,1-6 | F28: 清水 | H28: S1 | I28: ○ | J28: 鏡 | K28: 6-2,3-6,6-2 | L28: 武藤
B30: 女子 東医体 第3戦 8/4
B31: W2026-07 | D31: 横浜市立大学 | E31: VS | F31: 福島県立医科大学
D32: 0 | E32: D 0-1 | F32: 3
E33: S 0-2
B34: D1 | C34: ● | D34: 鏡・土岐 | E34: 2-6,3-6 | F34: 鎌田・本田
B35: D2 | C35: ● | D35: 津久井 | E35: 0-6sus | F35: 吉野
B36: S1 | C36: ● | D36: 小林 | E36: 0-6,0-6 | F36: 鳴海

Sheet NURSING2026
B2: 看護リーグ 予選リーグ 第1戦 8/15 | H2: 看護リーグ 予選リーグ 第2戦 8/16
B3: N2026-01 | D3: 横浜市立大学 | E3: VS | F3: 山梨大学 | H3: N2026-02 | J3: 横浜市立大学 | K3: VS | L3: 東京科学大学
D4: 4 | E4: D 1-1 | F4: 1 | J4: 3 | K4: D 1-0 | L4: 1
E5: S 3-0 | K5: S 2-1
B6: D1 | C6: ● | D6: 宮﨑・南 | E6: 6-7(4),4-6 | F6: 舟橋・満吉 | H6: D1 | I6: 〇 | J6: 宮﨑・南 | K6: 5-7,6-2,6-0 | L6: 細川・森
B7: D2 | C7: 〇 | D7: 荒井・村山 | E7: 6-2,6-4 | F7: 松林・中山 | H7: D2 | J7: 荒井・村山 | K7: 5-7,6-1,3-0sus | L7: 徳永・中兼
B8: S1 | C8: 〇 | D8: 小泉 | E8: 6-1,6-0 | F8: 桒原 | H8: S1 | I8: 〇 | J8: 小泉 | K8: 6-0,6-1 | L8: 野口
B9: S2 | C9: 〇 | D9: 渡邊 | E9: 7-5,6-4 | F9: 宮原 | H9: S2 | I9: 〇 | J9: 渡邊 | K9: 6-3,6-3 | L9: 程島
B10: S3 | C10: 〇 | D10: 中條 | E10: 6-0,6-0 | F10: 松浦 | H10: S3 | I10: ● | J10: 中條 | K10: 6-2,2-6,1-6 | L10: 岩崎
B12: 看護リーグ 準決勝 8/17 | H12: 看護リーグ 決勝 8/18
B13: N2026-03 | D13: 横浜市立大学 | E13: VS | F13: 山梨大学 | H13: N2026-04 | J13: 横浜市立大学 | K13: VS | L13: 千葉大学
D14: 3 | E14: D 1-0 | F14: 0 | J14: 0 | K14: D 0-2 | L14: 4
E15: S 2-0 | K15: S 0-2
B16: D1 | D16: 荒井・村山 | E16: 3-6,2-1sus | F16: 舟橋・中山 | H16: D1 | I16: ● | J16: 荒井・村山 | K16: 3-6,4-6 | L16: 藤堂・山内
B17: D2 | C17: 〇 | D17: 宮﨑・中條 | E17: 6-2,6-1 | F17: 松林・満吉 | H17: D2 | I17: ● | J17: 宮﨑・南 | K17: 1-6,1-6 | L17: 西尾・平山
B18: S1 | D18: 渡邊 | E18: 6-4,3-1sus | F18: 宮原 | H18: S1 | J18: 小泉 | K18: 6-3sus | L18: 長田
B19: S2 | C19: 〇 | D19: 小泉 | E19: 6-0,6-0 | F19: 桒原 | H19: S2 | I19: ● | J19: 渡邊 | K19: 6-2,4-6,0-6 | L19: 須田
B20: S3 | C20: 〇 | D20: 田中 | E20: 6-1,6-0 | F20: 寺田 | H20: S3 | I20: ● | J20: 中條 | K20: 2-6,0-6 | L20: 大林
